{
    "$schema": "http://json-schema.org/draft-04/schema#",
    "title": "GNS3 project",

    "definitions": {

        "uuid" : {
            "type": "string",
            "pattern": "^[a-fA-F0-9]{8}-[a-fA-F0-9]{4}-[a-fA-F0-9]{4}-[a-fA-F0-9]{4}-[a-fA-F0-9]{12}$"
        },

        "md5" : {
            "type": "string",
            "pattern": "^[a-f0-9]{32}$"
        },

        "optional_uuid" : {
            "oneOf": [
                { "$ref": "#/definitions/uuid" },
                { "type": "null" }
            ]
        },

        "color": {
            "type": "string",
            "pattern": "^#[0-9a-f]{6,8}$"
        },

        "numeric_id": {
            "type": "integer",
            "minimum": 0
        },

        "mandatory_string": {
            "type": "string",
            "minLength": 1
        },

        "network_port": {
            "type": "integer",
            "minimum": 1,
            "maximum": 65535
        },

        "rectangle": {
            "type": "object",
            "properties": {
                "height": { "type": "number" },
                "width": {"type": "number" },
                "x": { "type": "number" },
                "y": {"type": "number" },
                "z": { "type": "number" },
                "rotation": {"type": "number"},
                "fill_color": { "$ref": "#/definitions/color" },
                "color": { "$ref": "#/definitions/color" },
                "border_width": { "type": "number" },
                "border_color": { "$ref": "#/definitions/color" },
                "border_style": {
                    "type": "integer",
                    "minimum": 0,
                    "maximum": 6
                },
                "border_transparency": {"type": "integer" },
                "transparency": {"type": "integer" }
            },
            "required": [
                "height",
                "width",
                "x",
                "y"
            ],
            "additionalProperties": false
        },

        "ellipse": {
            "type": "object",
            "properties": {
                "border_style": {
                    "type": "integer",
                    "minimum": 0,
                    "maximum": 6
                },
                "border_width": { "type": "number" },
                "height": { "type": "number" },
                "width": {"type": "number" },
                "x": { "type": "number" },
                "y": {"type": "number" },
                "z": { "type": "number" },
                "rotation": {"type": "number"},
                "fill_color": { "$ref": "#/definitions/color" },
                "color": { "$ref": "#/definitions/color" },
                "border_color": { "$ref": "#/definitions/color" },
                "border_transparency": {"type": "integer" },
                "transparency": {"type": "integer" }
            },
            "required": [
                "height",
                "width",
                "x",
                "y"
            ],
            "additionalProperties": false
        },

        "image": {
            "type": "object",
            "properties": {
                "path": { "$ref": "#/definitions/mandatory_string" },
                "x": { "type": "number" },
                "y": {"type": "number" },
                "z": { "type": "number" }
            },
            "required": [
                "path",
                "x",
                "y"
            ],
            "additionalProperties": false
        },

        "label": {
            "type": "object",
            "properties": {
                "color": { "$ref": "#/definitions/color" },
                "font": { "$ref": "#/definitions/mandatory_string" },
                "text": { "type": "string" },
                "x": { "type": "number" },
                "y": {"type": "number" },
                "z": { "type": "number" },
                "rotation": {"type": "number" }
            },
            "required": [
                "text",
                "x",
                "y"
            ],
            "additionalProperties": false
        },

        "port": {
            "type": "object",
            "properties": {
                "adapter_number": {
                    "type": "integer",
                    "minimum": 0
                },
                "description": { "$ref": "#/definitions/mandatory_string" },
                "id": { "$ref": "#/definitions/numeric_id" },
                "link_id": { "$ref": "#/definitions/numeric_id" },
                "name": { "$ref": "#/definitions/mandatory_string" },
                "nio": {
                    "enum": ["NIO_UDP", "NIO_Generic_Ethernet", "NIO_Linux_Ethernet", "NIO_NAT", "NIO_VMNET", "NIO_Null", "NIO_TAP", "NIO_VDE", "NIO_UNIX"]
                },
                "port_number": {
                    "type": "integer",
                    "minimum": 0
                },
                "slot_number": {
                    "type": "integer",
                    "minimum": 0
                },
                "vlan": {
                    "type": "integer",
                    "minimum": 0
                },
                "stub": { "type": "boolean" },
                "type": {
                    "enum": ["access", "dot1q", "qinq"]
                },
                "ethertype": {
                    "enum": ["0x8100", "0x88A8", "0x9100", "0x9200"]
                }
            },
            "required": [
                "id",
                "name"
            ],
            "additionalProperties": false
        },

        "link": {
            "type": "object",
            "properties": {
                "description": { "$ref": "#/definitions/mandatory_string" },
                "destination_node_id": { "$ref": "#/definitions/numeric_id" },
                "destination_port_id": { "$ref": "#/definitions/numeric_id" },
                "destination_port_label": { "$ref": "#/definitions/label" },
                "id": { "$ref": "#/definitions/numeric_id" },
                "source_node_id": { "$ref": "#/definitions/numeric_id" },
                "source_port_id": { "$ref": "#/definitions/numeric_id" },
                "source_port_label": { "$ref": "#/definitions/label" }
            },
            "required": [
                "description",
                "destination_node_id",
                "destination_port_id",
                "id",
                "source_node_id",
                "source_port_id"
            ],
            "additionalProperties": false
        },

        "server_http": {
            "properties": {
                "protocol": { "enum": ["http", "https"] },
                "cloud": { "type": "boolean" },
                "vm": { "type": "boolean" },
                "host": { "$ref": "#/definitions/mandatory_string" },
                "id": { "$ref": "#/definitions/numeric_id" },
                "local": { "type": "boolean" },
                "ram_limit": {
                    "type": "integer",
                    "minimum": 0,
                    "description": "Deprecated in 1.4.5"
                },
                "port": { "$ref": "#/definitions/network_port" },
                "user": {
                    "type": ["string", "null"]
                },
                "accept_insecure_certificate": {
                    "type": ["string", "null"]
                }
            },
            "required": [
                "id",
                "local"
            ],
            "additionalProperties": false
        },

        "node": {
            "type": "object",
            "properties": {
                "type": {
                    "enum": [
                        "Host",
                        "Cloud",
                        "IOUDevice",
                        "VirtualBoxVM",
                        "VMwareVM",
                        "QemuVM",
                        "DockerVM",
                        "VPCSDevice",
                        "EthernetHub",
                        "EthernetSwitch",
                        "ATMSwitch",
                        "FrameRelaySwitch",
                        "C1700",
                        "C2600",
                        "C2691",
                        "C3600",
                        "C3725",
                        "C3745",
                        "C7200"
                    ]
                },
                "description": { "$ref": "#/definitions/mandatory_string" },
                "id": { "$ref": "#/definitions/numeric_id" },
                "device_id": { "$ref": "#/definitions/optional_uuid" },
                "label": { "$ref": "#/definitions/label" },
                "symbol": { "$ref": "#/definitions/mandatory_string" },
                "default_symbol": {
                    "description": "The node symbol. Deprecated in 1.4",
                    "$ref": "#/definitions/mandatory_string"
                },
                "hover_symbol": {
                    "description": "The node symbol when hover. Deprecated in 1.4",
                    "$ref": "#/definitions/mandatory_string"
                },
                "port_name_format": { "$ref": "#/definitions/mandatory_string" },
                "port_segment_size": { "type": "number" },
                "first_port_name": { "$ref": "#/definitions/mandatory_string" },
                "ports": {
                    "type": "array",
                    "items": { "$ref": "#/definitions/port" }
                },
                "dynamips_id": { "$ref": "#/definitions/numeric_id" },
                "server_id": { "$ref": "#/definitions/numeric_id" },
                "router_id": { "$ref": "#/definitions/numeric_id" },
                "vpcs_id": { "$ref": "#/definitions/numeric_id" },
                "qemu_id": { "$ref": "#/definitions/numeric_id" },
                "iou_id": { "$ref": "#/definitions/numeric_id" },
                "vbox_id": { "$ref": "#/definitions/numeric_id" },
                "vm_id": {
                    "oneOf": [
                        { "$ref": "#/definitions/uuid" },
                        { "type": "null" }
                    ]
                },
                "linked_clone": { "type" : "boolean" },
                "x": { "type": "number" },
                "y": { "type": "number" },
                "z": { "type": "number" },
                "custom_console_command": { "$ref": "#/definitions/mandatory_string" },
                "properties": {
                    "type": "object",
                    "oneOf": [
                        { "$ref": "#/definitions/properties_vpcs" },
                        { "$ref": "#/definitions/properties_dynamips" },
                        { "$ref": "#/definitions/properties_dynamips_frame_relay" },
                        { "$ref": "#/definitions/properties_qemu" },
                        { "$ref": "#/definitions/properties_virtualbox" },
                        { "$ref": "#/definitions/properties_vmware" },
                        { "$ref": "#/definitions/properties_iou" },
                        { "$ref": "#/definitions/properties_docker" },
                        { "$ref": "#/definitions/properties_cloud_host" }
                    ]
                },
                "required": [
                    "type",
                    "description",
                    "id",
                    "label",
                    "ports",
                    "server_id",
                    "vm_id",
                    "x",
                    "y",
                    "properties"
                ]
            },
            "additionalProperties": false
        },

        "properties_docker": {
            "type": "object",
            "properties": {
                "console": { "$ref": "#/definitions/network_port" },
                "aux": { "$ref": "#/definitions/network_port" },
                "adapters": { "type": "integer", "minimum": 0 },
                "name": { "$ref": "#/definitions/mandatory_string" },
                "image": { "$ref": "#/definitions/mandatory_string" },
                "environment": { "type": "string" },
                "start_command": { "type": "string" },
                "console_type": { "$ref": "#/definitions/mandatory_string" },
                "console_resolution": {
                  "type": "string",
                  "pattern": "^[0-9]+x[0-9]+$"
                },
                "console_http_port": {
                    "description": "Internal port in the container of the HTTP server",
                    "type": "integer"
                },
                "console_http_path": {
                    "description": "Path of the web interface",
                    "type": "string"
                }
            },
            "required": [
                "console",
                "console_type",
                "name",
                "image",
                "adapters"
            ],
            "additionalProperties": false
        },

        "properties_iou": {
            "type": "object",
            "properties": {
                "console": { "$ref": "#/definitions/network_port" },
                "ethernet_adapters": { "type": "integer", "minimum": 0 },
                "initial_config": { "$ref": "#/definitions/mandatory_string" },
                "startup_config": { "$ref": "#/definitions/mandatory_string" },
                "private_config": { "$ref": "#/definitions/mandatory_string" },
                "l1_keepalives": { "type": "boolean" },
                "name": { "$ref": "#/definitions/mandatory_string" },
                "nvram": { "type": "integer", "minimum": 1 },
                "path": { "$ref": "#/definitions/mandatory_string" },
                "md5sum":  { "$ref": "#/definitions/md5" },
                "ram": { "type": "integer", "minimum": 1 },
                "serial_adapters": { "type": "integer", "minimum": 0 },
                "use_default_iou_values": { "type": "boolean" }
            },
            "required": [
                "console",
                "name",
                "path"
            ],
            "additionalProperties": false
        },

        "properties_cloud_host": {
            "type": "object",
            "properties": {
                "name": { "$ref": "#/definitions/mandatory_string" },
                "nios": {
                    "type": "array",
                    "items": { "$ref": "#/definitions/mandatory_string" }
                }
            },
            "required": [
                "name",
                "nios"
            ],
            "additionalProperties": false
        },

        "properties_qemu": {
            "type": "object",
            "properties": {
                "console": { "$ref": "#/definitions/network_port" },
                "console_type": { "$ref": "#/definitions/mandatory_string" },
                "monitor": { "$ref": "#/definitions/network_port" },
                "name": { "$ref": "#/definitions/mandatory_string" },
                "usage": { "type": "string" },
                "acpi_shutdown": { "type": "boolean" },
                "adapter_type": {
                    "enum": [
                        "e1000",
                        "i82550",
                        "i82551",
                        "i82557a",
                        "i82557b",
                        "i82557c",
                        "i82558a",
                        "i82558b",
                        "i82559a",
                        "i82559b",
                        "i82559c",
                        "i82559er",
                        "i82562",
                        "i82801",
                        "ne2k_pci",
                        "pcnet",
                        "rtl8139",
                        "virtio",
                        "virtio-net-pci",
                        "vmxnet3"
                    ]
                },
                "adapters": {"type": "integer", "minimum": 1},
                "cpu_throttling": {"type": "integer", "minimum": 0, "maximum": 100},
                "hda_disk_image": { "type": "string" },
                "hdb_disk_image": { "type": "string" },
                "hdc_disk_image": { "type": "string" },
                "hdd_disk_image": { "type": "string" },
                "hda_disk_interface": {
                    "enum": ["ide", "scsi", "sd", "mtd", "floppy", "pflash", "virtio"]
                },
                "hdb_disk_interface": {
                    "enum": ["ide", "scsi", "sd", "mtd", "floppy", "pflash", "virtio"]
                },
                "hdc_disk_interface": {
                    "enum": ["ide", "scsi", "sd", "mtd", "floppy", "pflash", "virtio"]
                },
                "hdd_disk_interface": {
                    "enum": ["ide", "scsi", "sd", "mtd", "floppy", "pflash", "virtio"]
                },
                "cdrom_image": { "type": "string" },
                "hda_disk_image_md5sum": { "$ref": "#/definitions/md5" },
                "hdb_disk_image_md5sum": { "$ref": "#/definitions/md5" },
                "hdc_disk_image_md5sum": { "$ref": "#/definitions/md5" },
                "hdd_disk_image_md5sum": { "$ref": "#/definitions/md5" },
                "cdrom_image_md5sum": { "$ref": "#/definitions/md5" },
                "initrd": { "type": "string" },
                "initrd_md5sum": { "$ref": "#/definitions/md5" },
                "kernel_image": { "type": "string"},
                "kernel_image_md5sum": { "$ref": "#/definitions/md5" },
                "kernel_command_line": { "type": "string" },
                "legacy_networking": { "type": "boolean" },
                "mac_address": { "$ref": "#/definitions/mandatory_string" },
                "options": { "type": "string" },
                "boot_priority": { "type": "string" },
                "process_priority": {
                    "enum": ["realtime", "very high", "high", "normal", "low", "very low"]
                },
                "qemu_path": { "type": "string" },
                "platform": { "type": "string" },
                "ram": {"type": "integer", "minimum": 1},
                "cpus": {"type": "integer", "minimum": 1,  "maximum": 255}
            },
            "required": [
                "name",
                "console",
                "process_priority",
                "qemu_path",
                "ram"
            ],
            "additionalProperties": false
        },

        "properties_virtualbox": {
            "type": "object",
            "properties": {
                "acpi_shutdown": { "type": "boolean" },
                "adapters": { "type": "integer", "minimum": 0 },
                "console": { "$ref": "#/definitions/network_port" },
                "enable_remote_console": { "type": "boolean" },
                "headless": { "type": "boolean" },
                "name": { "$ref": "#/definitions/mandatory_string" },
                "ram": { "type": "integer", "minimum": 1 },
                "use_any_adapter": { "type": "boolean" },
                "vmname": { "$ref": "#/definitions/mandatory_string" },
                "adapter_type": {
                    "enum": [
                        "PCnet-PCI II (Am79C970A)",
                        "PCNet-FAST III (Am79C973)",
                        "Intel PRO/1000 MT Desktop (82540EM)",
                        "Intel PRO/1000 T Server (82543GC)",
                        "Intel PRO/1000 MT Server (82545EM)",
                        "Paravirtualized Network (virtio-net)"
                    ]
                }
            },
            "required": [
                "console",
                "name",
                "ram",
                "vmname"
            ],
            "additionalProperties": false
        },

        "properties_vmware": {
            "type": "object",
            "properties": {
                "acpi_shutdown": { "type": "boolean" },
                "adapters": { "type": "integer", "minimum": 0 },
                "console": { "$ref": "#/definitions/network_port" },
                "enable_remote_console": { "type": "boolean" },
                "headless": { "type": "boolean" },
                "name": { "$ref": "#/definitions/mandatory_string" },
                "vmx_path": { "$ref": "#/definitions/mandatory_string" },
                "use_ubridge": { "type": "boolean" },
                "use_any_adapter": { "type": "boolean" },
                "adapter_type": {
                    "enum": [
                        "default",
                        "e1000",
                        "e1000e",
                        "flexible",
                        "vlance",
                        "vmxnet",
                        "vmxnet2",
                        "vmxnet3"
                    ]
                }
            },
            "required": [
                "adapter_type",
                "adapters",
                "console",
                "enable_remote_console",
                "headless",
                "name",
                "use_any_adapter",
                "vmx_path"
            ],
            "additionalProperties": false
        },

        "properties_dynamips_frame_relay": {
            "type": "object",
            "properties": {
                "name": { "$ref": "#/definitions/mandatory_string" },
                "mappings": {
                    "type": "object"
                }
            },
            "required": [
                "name",
                "mappings"
            ],
            "additionalProperties": false
        },

        "properties_vpcs": {
            "type": "object",
            "properties": {
                "console": { "$ref": "#/definitions/network_port" },
                "name": { "$ref": "#/definitions/mandatory_string" },
                "startup_script_path":{ "$ref": "#/definitions/mandatory_string" },
                "script_file":{ "$ref": "#/definitions/mandatory_string" }
            },
            "required": [
                "name"
            ],
            "additionalProperties": false
        },

        "dynamips_slot": {
            "enum": ["C2600-MB-2FE", "C2600-MB-1E", "PA-A1", "PA-8E", "C1700-MB-1FE", "PA-8T", "PA-2FE-TX", "PA-FE-TX", "PA-GE", "C2600-MB-2E", "C7200-IO-FE", "NM-4T", "C2600-MB-1FE", "C7200-IO-2FE", "PA-POS-OC3", "PA-4T+", "C1700-MB-WIC1", "NM-16ESW", "C7200-IO-GE-E", "NM-4E", "GT96100-FE", "NM-1FE-TX", "Leopard-2FE", "NM-1E", "PA-4E"]
        },

        "dynamips_wic": {
            "enum": ["WIC-1ENET", "WIC-1T", "WIC-2T"]
        },

        "properties_dynamips": {
            "type": "object",
            "properties": {
                "name": { "$ref": "#/definitions/mandatory_string" },
                "clock_divisor": {"type": "integer", "minimum": 1},
                "console": { "$ref": "#/definitions/network_port" },
                "aux": { "$ref": "#/definitions/network_port" },
                "disk0": {"type": "integer", "minimum": 0},
                "disk1": {"type": "integer", "minimum": 0},
                "exec_area": {"type": "integer", "minimum": 1},
                "idlemax": {"type": "integer", "minimum": 1},
                "idlepc": {
                    "oneOf": [
                        {"type": "string", "pattern": "^0x[0-9a-f]{8}$"},
                        {"type": "string", "pattern": "^0x0$"}
                    ]
                },
                "idlesleep": {"type": "integer", "minimum": 1},
                "image": { "$ref": "#/definitions/mandatory_string" },
                "image_md5sum": { "$ref": "#/definitions/md5" },
                "mac_addr": { "$ref": "#/definitions/mandatory_string" },
                "midplane": { "enum": ["std", "vxr"] },
                "chassis": {
                    "enum": ["1720", "1721", "1750", "1751", "1760", "2610", "2620", "2610XM", "2620XM", "2650XM", "2621", "2611XM", "2621XM", "2651XM", "3620", "3640", "3660"]
                },
                "mmap": { "type": "boolean" },
                "npe": {
                    "enum": ["npe-100", "npe-150", "npe-175", "npe-200", "npe-225", "npe-300", "npe-400", "npe-g2"]
                },
                "nvram": {"type": "integer", "minimum": 1},
                "platform": {
                    "enum": ["c1700", "c2600", "c2691", "c3725", "c3745", "c3600", "c7200"]
                },
                "power_supplies": {
                    "type": "array",
                    "items": {"type": "integer", "minimum": 0}
                },
                "ram": {"type": "integer", "minimum": 1},
                "iomem": {"type": "integer", "minimum": 0},
                "sensors": {
                    "type": "array",
                    "items": {"type": "integer", "minimum": 0}
                },
                "wic0": { "$ref": "#/definitions/dynamips_wic" },
                "wic1": { "$ref": "#/definitions/dynamips_wic" },
                "wic2": { "$ref": "#/definitions/dynamips_wic" },
                "slot0": { "$ref": "#/definitions/dynamips_slot" },
                "slot1": { "$ref": "#/definitions/dynamips_slot" },
                "slot2": { "$ref": "#/definitions/dynamips_slot" },
                "slot3": { "$ref": "#/definitions/dynamips_slot" },
                "slot4": { "$ref": "#/definitions/dynamips_slot" },
                "slot5": { "$ref": "#/definitions/dynamips_slot" },
                "slot6": { "$ref": "#/definitions/dynamips_slot" },
                "sparsemem": {"type": "boolean"},
                "startup_config": { "$ref": "#/definitions/mandatory_string" },
                "private_config": { "$ref": "#/definitions/mandatory_string" },
                "system_id": { "$ref": "#/definitions/mandatory_string" },
                "auto_delete_disks": { "type": "boolean" }
            },
            "required": [
                "name",
                "console",
                "image"
            ],
            "additionalProperties": false
        },

        "topology": {
            "type": "object",
            "properties": {
                "links": {
                    "type": "array",
                    "items": { "$ref": "#/definitions/link" }
                },
                "nodes": {
                    "type": "array",
                    "items": { "$ref": "#/definitions/node" }
                },
                "images": {
                    "type": "array",
                    "items": { "$ref": "#/definitions/image" }
                },
                "ellipses": {
                    "type": "array",
                    "items": { "$ref": "#/definitions/ellipse" }
                },
                "rectangles": {
                    "type": "array",
                    "items": { "$ref": "#/definitions/rectangle" }
                },
                "notes": {
                    "type": "array",
                    "items": { "$ref": "#/definitions/label" }
                },
                "servers": {
                    "type": "array",
                    "items": { "$ref": "#/definitions/server_http" }
                }
            },
            "additionalProperties": false
        }
    },

    "type": "object",
    "properties": {
        "auto_start": {
            "type": "boolean"
        },
        "name": { "$ref": "#/definitions/mandatory_string" },
        "project_id": { "$ref": "#/definitions/optional_uuid" },
        "show_port_names": {
            "type": "boolean"
        },
        "resources_type": {
            "enum": ["local"]
        },
        "revision": {
            "type": "integer",
            "minimum": 3
        },
        "version": {
            "type": "string",
            "minLength": 3
        },
        "type": {
            "enum": ["topology"]
        },
        "topology": { "$ref": "#/definitions/topology" }
    },
    "required": [
        "name",
        "topology",
        "type"
    ],
    "additionalProperties": false
}
